{"0":{"end_lat":-32.03715071,"end_long":115.96896,"index":1078.0,"start_lat":-32.04505511,"start_long":115.9742336},"1":{"end_lat":-32.14977273,"end_long":116.0221003,"index":1034.0,"start_lat":-32.14978701,"start_long":116.0216154},"2":{"end_lat":-31.96451303,"end_long":115.910782,"index":1082.0,"start_lat":-31.96253996,"start_long":115.908506},"3":{"end_lat":-32.0488542,"end_long":115.9783321,"index":1051.0,"start_lat":-32.05155649,"start_long":115.9847138},"4":{"end_lat":-31.97912872,"end_long":115.904,"index":1068.0,"start_lat":-31.98294485,"start_long":115.9065426},"5":{"end_lat":-32.14978701,"end_long":116.0216154,"index":1033.0,"start_lat":-32.12623286,"start_long":116.0183314},"6":{"end_lat":-32.12623286,"end_long":116.0183314,"index":1032.0,"start_lat":-32.11628377,"start_long":116.0158243},"7":{"end_lat":-31.97844719,"end_long":115.9267272,"index":1105.0,"start_lat":-31.98510696,"start_long":115.934464},"8":{"end_lat":-31.9476147,"end_long":115.8790045,"index":418.0,"start_lat":-31.94812568,"start_long":115.8914151},"9":{"end_lat":-32.05155649,"end_long":115.9847138,"index":1050.0,"start_lat":-32.06933897,"start_long":115.999674},"10":{"end_lat":-32.00441839,"end_long":115.9213888,"index":1063.0,"start_lat":-32.0077413,"start_long":115.9240145},"11":{"end_lat":-32.11628377,"end_long":116.0158243,"index":1031.0,"start_lat":-32.11163571,"start_long":116.0133816},"12":{"end_lat":-31.99331809,"end_long":115.9443653,"index":1100.0,"start_lat":-31.99803196,"start_long":115.963506},"13":{"end_lat":-32.11163571,"end_long":116.0133816,"index":1030.0,"start_lat":-32.09211681,"start_long":116.0130511},"14":{"end_lat":-31.94722098,"end_long":115.887445,"index":408.0,"start_lat":-31.94761398,"start_long":115.87858},"15":{"end_lat":-32.14980601,"end_long":116.0229546,"index":1035.0,"start_lat":-32.14977273,"start_long":116.0221003},"16":{"end_lat":-31.96072694,"end_long":115.9063804,"index":413.0,"start_lat":-31.96253996,"start_long":115.908506},"17":{"end_lat":-32.28804425,"end_long":116.1900922,"index":1036.0,"start_lat":-32.14980601,"start_long":116.0229546},"18":{"end_lat":-32.01694387,"end_long":115.9329829,"index":1058.0,"start_lat":-32.0184393,"start_long":115.9352736},"19":{"end_lat":-32.09211681,"end_long":116.0130511,"index":1029.0,"start_lat":-32.08920294,"start_long":116.0124408},"20":{"end_lat":-32.00808004,"end_long":115.997061,"index":1095.0,"start_lat":-32.00485263,"start_long":115.9803055},"21":{"end_lat":-32.02753429,"end_long":115.9500456,"index":1054.0,"start_lat":-32.03707048,"start_long":115.9689065},"22":{"end_lat":-32.02743631,"end_long":115.9493776,"index":1081.0,"start_lat":-32.03049287,"start_long":115.9627409},"23":{"end_lat":-32.08920294,"end_long":116.0124408,"index":1028.0,"start_lat":-32.07253581,"start_long":116.0029466},"24":{"end_lat":-31.99331809,"end_long":115.9443653,"index":1090.0,"start_lat":-31.99133499,"start_long":115.94172},"25":{"end_lat":-32.07253581,"end_long":116.0029466,"index":1027.0,"start_lat":-32.07056207,"start_long":116.0007913},"26":{"end_lat":-31.96209901,"end_long":115.878921,"index":1076.0,"start_lat":-31.96768871,"start_long":115.8881157},"27":{"end_lat":-32.07056207,"end_long":116.0007913,"index":1026.0,"start_lat":-32.06933897,"start_long":115.999674},"28":{"end_lat":-31.9426974,"end_long":115.8497103,"index":421.0,"start_lat":-31.94331455,"start_long":115.8530704},"29":{"end_lat":-31.99158582,"end_long":115.9123737,"index":1066.0,"start_lat":-31.99431504,"start_long":115.913143},"30":{"end_lat":-31.97844719,"end_long":115.9267272,"index":1085.0,"start_lat":-31.97425302,"start_long":115.921852},"31":{"end_lat":-32.06933897,"end_long":115.999674,"index":1025.0,"start_lat":-32.05155649,"start_long":115.9847138},"32":{"end_lat":-31.96848898,"end_long":115.8898644,"index":1071.0,"start_lat":-31.97011779,"start_long":115.8942525},"33":{"end_lat":-32.05155649,"end_long":115.9847138,"index":1024.0,"start_lat":-32.0488542,"start_long":115.9783321},"34":{"end_lat":-31.96451303,"end_long":115.910782,"index":1108.0,"start_lat":-31.97162397,"start_long":115.91901},"35":{"end_lat":-31.95082975,"end_long":115.8947661,"index":416.0,"start_lat":-31.9572623,"start_long":115.9025893},"36":{"end_lat":-32.06933897,"end_long":115.999674,"index":1049.0,"start_lat":-32.07056207,"start_long":116.0007913},"37":{"end_lat":-32.00836623,"end_long":115.9244157,"index":1061.0,"start_lat":-32.01177323,"start_long":115.9268171},"38":{"end_lat":-32.0488542,"end_long":115.9783321,"index":1023.0,"start_lat":-32.04723508,"start_long":115.9757386},"39":{"end_lat":-32.04723508,"end_long":115.9757386,"index":1022.0,"start_lat":-32.03707048,"start_long":115.9689065},"40":{"end_lat":-31.98704397,"end_long":115.936714,"index":1103.0,"start_lat":-31.99133499,"start_long":115.94172},"41":{"end_lat":-32.03707048,"end_long":115.9689065,"index":1021.0,"start_lat":-32.02753429,"start_long":115.9500456},"42":{"end_lat":-31.96041802,"end_long":115.906011,"index":411.0,"start_lat":-31.95692626,"start_long":115.9022538},"43":{"end_lat":-32.03645575,"end_long":115.9593214,"index":1037.0,"start_lat":-32.02745003,"start_long":115.949472},"44":{"end_lat":-32.02319039,"end_long":115.9396466,"index":1056.0,"start_lat":-32.02688768,"start_long":115.9458566},"45":{"end_lat":-32.02753429,"end_long":115.9500456,"index":1020.0,"start_lat":-32.02688768,"start_long":115.9458566},"46":{"end_lat":-32.00359477,"end_long":115.9750525,"index":1093.0,"start_lat":-32.00315501,"start_long":115.973536},"47":{"end_lat":-32.03140063,"end_long":115.9637815,"index":1079.0,"start_lat":-32.03715071,"start_long":115.96896},"48":{"end_lat":-32.02688768,"end_long":115.9458566,"index":1019.0,"start_lat":-32.02319039,"start_long":115.9396466},"49":{"end_lat":-32.00315501,"end_long":115.973536,"index":1098.0,"start_lat":-32.00359477,"start_long":115.9750525},"50":{"end_lat":-32.02319039,"end_long":115.9396466,"index":1018.0,"start_lat":-32.0184393,"start_long":115.9352736},"51":{"end_lat":-31.94925801,"end_long":115.871634,"index":406.0,"start_lat":-31.94336598,"start_long":115.85327},"52":{"end_lat":-32.03736304,"end_long":115.960373,"index":1038.0,"start_lat":-32.03645575,"start_long":115.9593214},"53":{"end_lat":-32.0184393,"end_long":115.9352736,"index":1017.0,"start_lat":-32.01694387,"start_long":115.9329829},"54":{"end_lat":-31.98704397,"end_long":115.936714,"index":1088.0,"start_lat":-31.98569999,"start_long":115.935153},"55":{"end_lat":-31.96755101,"end_long":115.887574,"index":1001.0,"start_lat":-31.96234698,"start_long":115.8795615},"56":{"end_lat":-31.96775927,"end_long":115.888309,"index":1074.0,"start_lat":-31.96821778,"start_long":115.8893079},"57":{"end_lat":-32.01694387,"end_long":115.9329829,"index":1016.0,"start_lat":-32.01392796,"start_long":115.9282218},"58":{"end_lat":-31.97162397,"end_long":115.91901,"index":1083.0,"start_lat":-31.96451303,"start_long":115.910782},"59":{"end_lat":-32.04134025,"end_long":115.9670536,"index":1039.0,"start_lat":-32.03736304,"start_long":115.960373},"60":{"end_lat":-31.97421466,"end_long":115.8993783,"index":1069.0,"start_lat":-31.97912872,"start_long":115.904},"61":{"end_lat":-32.01392796,"end_long":115.9282218,"index":1015.0,"start_lat":-32.01177323,"start_long":115.9268171},"62":{"end_lat":-31.97425302,"end_long":115.921852,"index":1106.0,"start_lat":-31.97844719,"start_long":115.9267272},"63":{"end_lat":-31.95919643,"end_long":115.9045421,"index":414.0,"start_lat":-31.96072694,"start_long":115.9063804},"64":{"end_lat":-32.03707048,"end_long":115.9689065,"index":1053.0,"start_lat":-32.04723508,"start_long":115.9757386},"65":{"end_lat":-31.94916504,"end_long":115.871835,"index":419.0,"start_lat":-31.9476147,"start_long":115.8790045},"66":{"end_lat":-32.07056207,"end_long":116.0007913,"index":1048.0,"start_lat":-32.07253581,"start_long":116.0029466},"67":{"end_lat":-32.00216427,"end_long":115.9194008,"index":1064.0,"start_lat":-32.00441839,"start_long":115.9213888},"68":{"end_lat":-31.99133499,"end_long":115.94172,